{
  "flights": [
    {
      "id": "FL001",
      "from": "New York",
      "to": "London",
      "departureDate": "09-01-2025",
      "price": 500,
      "airline": "Indigo",
      "totalSeats": 200,
        "availableSeats": [
    "A1", "A2", "A3", "A4", "A5", "A8", "A9", "A10", "A11", "A12", "A13", "A14", "A15",
    "B1", "B2", "B3", "B4", "B5", "B6", "B7", "B8", "B9", "B10", "B11", "B12", "B13", "B14", "B15",
    "C1", "C2", "C3", "C4", "C5", "C9", "C10", "C11", "C12", "C13", "C14", "C15",
    "D1", "D2", "D3", "D4", "D5", "D6", "D7", "D8", "D9", "D10", "D11", "D12", "D13", "D14", "D15",
    "E1", "E2", "E3", "E4", "E5", "E6", "E7", "E8", "E9", "E10", "E11", "E12", "E13", "E14", "E15",
    "F1", "F2", "F3", "F4", "F5", "F6", "F7", "F8", "F9", "F10", "F11", "F12", "F13", "F14", "F15"
  ],
  "unavailableSeats": ["A6", "A7", "C6", "C7", "C8"],
      "fromTime": "08:00 AM",
      "toTime": "08:00 PM",
      "duration": "12h"
    },
    {
      "id": "FL002",
      "from": "Los Angeles",
      "to": "Tokyo",
      "departureDate": "12-01-2025",
      "price": 600,
      "airline": "Air India",
      "totalSeats": 200,
        "availableSeats": [
    "A1", "A2", "A3", "A4", "A5", "A8", "A9", "A10", "A11", "A12", "A13", "A14", "A15",
    "B1", "B2", "B3", "B4", "B5", "B6", "B7", "B8", "B9", "B10", "B11", "B12", "B13", "B14", "B15",
    "C1", "C2", "C3", "C4", "C5", "C9", "C10", "C11", "C12", "C13", "C14", "C15",
    "D1", "D2", "D3", "D4", "D5", "D6", "D7", "D8", "D9", "D10", "D11", "D12", "D13", "D14", "D15",
    "E1", "E2", "E3", "E4", "E5", "E6", "E7", "E8", "E9", "E10", "E11", "E12", "E13", "E14", "E15",
    "F1", "F2", "F3", "F4", "F5", "F6", "F7", "F8", "F9", "F10", "F11", "F12", "F13", "F14", "F15"
  ],
  "unavailableSeats": ["A6", "A7", "C6", "C7", "C8"],
      "fromTime": "10:00 AM",
      "toTime": "02:00 PM",
      "duration": "14h"
    },
    {
      "id": "FL003",
      "from": "Chicago",
      "to": "Paris",
      "departureDate": "15-01-2025",
      "price": 450,
      "airline": "Jet Airways",
      "totalSeats": 200,
        "availableSeats": [
    "A1", "A2", "A3", "A4", "A5", "A8", "A9", "A10", "A11", "A12", "A13", "A14", "A15",
    "B1", "B2", "B3", "B4", "B5", "B6", "B7", "B8", "B9", "B10", "B11", "B12", "B13", "B14", "B15",
    "C1", "C2", "C3", "C4", "C5", "C9", "C10", "C11", "C12", "C13", "C14", "C15",
    "D1", "D2", "D3", "D4", "D5", "D6", "D7", "D8", "D9", "D10", "D11", "D12", "D13", "D14", "D15",
    "E1", "E2", "E3", "E4", "E5", "E6", "E7", "E8", "E9", "E10", "E11", "E12", "E13", "E14", "E15",
    "F1", "F2", "F3", "F4", "F5", "F6", "F7", "F8", "F9", "F10", "F11", "F12", "F13", "F14", "F15"
  ],
  "unavailableSeats": ["A6", "A7", "C6", "C7", "C8"],
      "fromTime": "09:00 AM",
      "toTime": "11:00 PM",
      "duration": "8h"
    },
    {
      "id": "FL004",
      "from": "Houston",
      "to": "Dubai",
      "departureDate": "18-01-2025",
      "price": 700,
      "airline": "Emirates",
      "totalSeats": 200,
        "availableSeats": [
    "A1", "A2", "A3", "A4", "A5", "A8", "A9", "A10", "A11", "A12", "A13", "A14", "A15",
    "B1", "B2", "B3", "B4", "B5", "B6", "B7", "B8", "B9", "B10", "B11", "B12", "B13", "B14", "B15",
    "C1", "C2", "C3", "C4", "C5", "C9", "C10", "C11", "C12", "C13", "C14", "C15",
    "D1", "D2", "D3", "D4", "D5", "D6", "D7", "D8", "D9", "D10", "D11", "D12", "D13", "D14", "D15",
    "E1", "E2", "E3", "E4", "E5", "E6", "E7", "E8", "E9", "E10", "E11", "E12", "E13", "E14", "E15",
    "F1", "F2", "F3", "F4", "F5", "F6", "F7", "F8", "F9", "F10", "F11", "F12", "F13", "F14", "F15"
  ],
  "unavailableSeats": ["A6", "A7", "C6", "C7", "C8"],
      "fromTime": "07:00 AM",
      "toTime": "11:00 PM",
      "duration": "14h"
    },
    {
      "id": "FL005",
      "from": "San Francisco",
      "to": "Sydney",
      "departureDate": "21-01-2025",
      "price": 1200,
      "airline": "Qatar Airways",
      "totalSeats": 200,
        "availableSeats": [
    "A1", "A2", "A3", "A4", "A5", "A8", "A9", "A10", "A11", "A12", "A13", "A14", "A15",
    "B1", "B2", "B3", "B4", "B5", "B6", "B7", "B8", "B9", "B10", "B11", "B12", "B13", "B14", "B15",
    "C1", "C2", "C3", "C4", "C5", "C9", "C10", "C11", "C12", "C13", "C14", "C15",
    "D1", "D2", "D3", "D4", "D5", "D6", "D7", "D8", "D9", "D10", "D11", "D12", "D13", "D14", "D15",
    "E1", "E2", "E3", "E4", "E5", "E6", "E7", "E8", "E9", "E10", "E11", "E12", "E13", "E14", "E15",
    "F1", "F2", "F3", "F4", "F5", "F6", "F7", "F8", "F9", "F10", "F11", "F12", "F13", "F14", "F15"
  ],
  "unavailableSeats": ["A6", "A7", "C6", "C7", "C8"],
      "fromTime": "11:00 PM",
      "toTime": "09:00 AM",
      "duration": "16h"
    },
    {
      "id": "FL006",
      "from": "Miami",
      "to": "Toronto",
      "departureDate": "24-01-2025",
      "price": 300,
      "airline": "Singapore Airlines",
      "totalSeats": 200,
        "availableSeats": [
    "A1", "A2", "A3", "A4", "A5", "A8", "A9", "A10", "A11", "A12", "A13", "A14", "A15",
    "B1", "B2", "B3", "B4", "B5", "B6", "B7", "B8", "B9", "B10", "B11", "B12", "B13", "B14", "B15",
    "C1", "C2", "C3", "C4", "C5", "C9", "C10", "C11", "C12", "C13", "C14", "C15",
    "D1", "D2", "D3", "D4", "D5", "D6", "D7", "D8", "D9", "D10", "D11", "D12", "D13", "D14", "D15",
    "E1", "E2", "E3", "E4", "E5", "E6", "E7", "E8", "E9", "E10", "E11", "E12", "E13", "E14", "E15",
    "F1", "F2", "F3", "F4", "F5", "F6", "F7", "F8", "F9", "F10", "F11", "F12", "F13", "F14", "F15"
  ],
  "unavailableSeats": ["A6", "A7", "C6", "C7", "C8"],
      "fromTime": "03:00 PM",
      "toTime": "06:00 PM",
      "duration": "3h"
    },
    {
      "id": "FL007",
      "from": "Boston",
      "to": "Amsterdam",
      "departureDate": "27-01-2025",
      "price": 400,
      "airline": "Indigo",
      "totalSeats": 200,
        "availableSeats": [
    "A1", "A2", "A3", "A4", "A5", "A8", "A9", "A10", "A11", "A12", "A13", "A14", "A15",
    "B1", "B2", "B3", "B4", "B5", "B6", "B7", "B8", "B9", "B10", "B11", "B12", "B13", "B14", "B15",
    "C1", "C2", "C3", "C4", "C5", "C9", "C10", "C11", "C12", "C13", "C14", "C15",
    "D1", "D2", "D3", "D4", "D5", "D6", "D7", "D8", "D9", "D10", "D11", "D12", "D13", "D14", "D15",
    "E1", "E2", "E3", "E4", "E5", "E6", "E7", "E8", "E9", "E10", "E11", "E12", "E13", "E14", "E15",
    "F1", "F2", "F3", "F4", "F5", "F6", "F7", "F8", "F9", "F10", "F11", "F12", "F13", "F14", "F15"
  ],
  "unavailableSeats": ["A6", "A7", "C6", "C7", "C8"],
      "fromTime": "05:00 AM",
      "toTime": "01:00 PM",
      "duration": "8h"
    },
    {
      "id": "FL008",
      "from": "Seattle",
      "to": "Beijing",
      "departureDate": "30-01-2025",
      "price": 800,
      "airline": "Air India",
      "totalSeats": 200,
        "availableSeats": [
    "A1", "A2", "A3", "A4", "A5", "A8", "A9", "A10", "A11", "A12", "A13", "A14", "A15",
    "B1", "B2", "B3", "B4", "B5", "B6", "B7", "B8", "B9", "B10", "B11", "B12", "B13", "B14", "B15",
    "C1", "C2", "C3", "C4", "C5", "C9", "C10", "C11", "C12", "C13", "C14", "C15",
    "D1", "D2", "D3", "D4", "D5", "D6", "D7", "D8", "D9", "D10", "D11", "D12", "D13", "D14", "D15",
    "E1", "E2", "E3", "E4", "E5", "E6", "E7", "E8", "E9", "E10", "E11", "E12", "E13", "E14", "E15",
    "F1", "F2", "F3", "F4", "F5", "F6", "F7", "F8", "F9", "F10", "F11", "F12", "F13", "F14", "F15"
  ],
  "unavailableSeats": ["A6", "A7", "C6", "C7", "C8"],
      "fromTime": "06:00 PM",
      "toTime": "10:00 AM",
      "duration": "12h"
    },
    {
      "id": "FL009",
      "from": "Las Vegas",
      "to": "Rome",
      "departureDate": "02-02-2025",
      "price": 650,
      "airline": "Jet Airways",
      "totalSeats": 200,
        "availableSeats": [
    "A1", "A2", "A3", "A4", "A5", "A8", "A9", "A10", "A11", "A12", "A13", "A14", "A15",
    "B1", "B2", "B3", "B4", "B5", "B6", "B7", "B8", "B9", "B10", "B11", "B12", "B13", "B14", "B15",
    "C1", "C2", "C3", "C4", "C5", "C9", "C10", "C11", "C12", "C13", "C14", "C15",
    "D1", "D2", "D3", "D4", "D5", "D6", "D7", "D8", "D9", "D10", "D11", "D12", "D13", "D14", "D15",
    "E1", "E2", "E3", "E4", "E5", "E6", "E7", "E8", "E9", "E10", "E11", "E12", "E13", "E14", "E15",
    "F1", "F2", "F3", "F4", "F5", "F6", "F7", "F8", "F9", "F10", "F11", "F12", "F13", "F14", "F15"
  ],
  "unavailableSeats": ["A6", "A7", "C6", "C7", "C8"],
      "fromTime": "01:00 PM",
      "toTime": "09:00 AM",
      "duration": "14h"
    },
    {
      "id": "FL010",
      "from": "Denver",
      "to": "Berlin",
      "departureDate": "05-02-2025",
      "price": 550,
      "airline": "Emirates",
      "totalSeats": 200,
        "availableSeats": [
    "A1", "A2", "A3", "A4", "A5", "A8", "A9", "A10", "A11", "A12", "A13", "A14", "A15",
    "B1", "B2", "B3", "B4", "B5", "B6", "B7", "B8", "B9", "B10", "B11", "B12", "B13", "B14", "B15",
    "C1", "C2", "C3", "C4", "C5", "C9", "C10", "C11", "C12", "C13", "C14", "C15",
    "D1", "D2", "D3", "D4", "D5", "D6", "D7", "D8", "D9", "D10", "D11", "D12", "D13", "D14", "D15",
    "E1", "E2", "E3", "E4", "E5", "E6", "E7", "E8", "E9", "E10", "E11", "E12", "E13", "E14", "E15",
    "F1", "F2", "F3", "F4", "F5", "F6", "F7", "F8", "F9", "F10", "F11", "F12", "F13", "F14", "F15"
  ],
  "unavailableSeats": ["A6", "A7", "C6", "C7", "C8"],
      "fromTime": "07:00 PM",
      "toTime": "11:00 AM",
      "duration": "10h"
    },
    {
      "id": "FL011",
      "from": "Orlando",
      "to": "Frankfurt",
      "departureDate": "08-02-2025",
      "price": 600,
      "airline": "Lufthansa",
      "totalSeats": 200,
        "availableSeats": [
    "A1", "A2", "A3", "A4", "A5", "A8", "A9", "A10", "A11", "A12", "A13", "A14", "A15",
    "B1", "B2", "B3", "B4", "B5", "B6", "B7", "B8", "B9", "B10", "B11", "B12", "B13", "B14", "B15",
    "C1", "C2", "C3", "C4", "C5", "C9", "C10", "C11", "C12", "C13", "C14", "C15",
    "D1", "D2", "D3", "D4", "D5", "D6", "D7", "D8", "D9", "D10", "D11", "D12", "D13", "D14", "D15",
    "E1", "E2", "E3", "E4", "E5", "E6", "E7", "E8", "E9", "E10", "E11", "E12", "E13", "E14", "E15",
    "F1", "F2", "F3", "F4", "F5", "F6", "F7", "F8", "F9", "F10", "F11", "F12", "F13", "F14", "F15"
  ],
  "unavailableSeats": ["A6", "A7", "C6", "C7", "C8"],
      "fromTime": "09:00 AM",
      "toTime": "09:00 PM",
      "duration": "10h"
    },
    {
      "id": "FL012",
      "from": "Phoenix",
      "to": "Madrid",
      "departureDate": "11-02-2025",
      "price": 500,
      "airline": "American Airlines",
      "totalSeats": 200,
        "availableSeats": [
    "A1", "A2", "A3", "A4", "A5", "A8", "A9", "A10", "A11", "A12", "A13", "A14", "A15",
    "B1", "B2", "B3", "B4", "B5", "B6", "B7", "B8", "B9", "B10", "B11", "B12", "B13", "B14", "B15",
    "C1", "C2", "C3", "C4", "C5", "C9", "C10", "C11", "C12", "C13", "C14", "C15",
    "D1", "D2", "D3", "D4", "D5", "D6", "D7", "D8", "D9", "D10", "D11", "D12", "D13", "D14", "D15",
    "E1", "E2", "E3", "E4", "E5", "E6", "E7", "E8", "E9", "E10", "E11", "E12", "E13", "E14", "E15",
    "F1", "F2", "F3", "F4", "F5", "F6", "F7", "F8", "F9", "F10", "F11", "F12", "F13", "F14", "F15"
  ],
  "unavailableSeats": ["A6", "A7", "C6", "C7", "C8"],
      "fromTime": "10:00 AM",
      "toTime": "06:00 PM",
      "duration": "8h"
    },
    {
      "id": "FL013",
      "from": "Dallas",
      "to": "Seoul",
      "departureDate": "14-02-2025",
      "price": 700,
      "airline": "Korean Air",
      "totalSeats": 200,
        "availableSeats": [
    "A1", "A2", "A3", "A4", "A5", "A8", "A9", "A10", "A11", "A12", "A13", "A14", "A15",
    "B1", "B2", "B3", "B4", "B5", "B6", "B7", "B8", "B9", "B10", "B11", "B12", "B13", "B14", "B15",
    "C1", "C2", "C3", "C4", "C5", "C9", "C10", "C11", "C12", "C13", "C14", "C15",
    "D1", "D2", "D3", "D4", "D5", "D6", "D7", "D8", "D9", "D10", "D11", "D12", "D13", "D14", "D15",
    "E1", "E2", "E3", "E4", "E5", "E6", "E7", "E8", "E9", "E10", "E11", "E12", "E13", "E14", "E15",
    "F1", "F2", "F3", "F4", "F5", "F6", "F7", "F8", "F9", "F10", "F11", "F12", "F13", "F14", "F15"
  ],
  "unavailableSeats": ["A6", "A7", "C6", "C7", "C8"],
      "fromTime": "01:00 PM",
      "toTime": "09:00 AM",
      "duration": "14h"
    },
    {
      "id": "FL014",
      "from": "Atlanta",
      "to": "Istanbul",
      "departureDate": "17-02-2025",
      "price": 550,
      "airline": "Turkish Airlines",
      "totalSeats": 200,
        "availableSeats": [
    "A1", "A2", "A3", "A4", "A5", "A8", "A9", "A10", "A11", "A12", "A13", "A14", "A15",
    "B1", "B2", "B3", "B4", "B5", "B6", "B7", "B8", "B9", "B10", "B11", "B12", "B13", "B14", "B15",
    "C1", "C2", "C3", "C4", "C5", "C9", "C10", "C11", "C12", "C13", "C14", "C15",
    "D1", "D2", "D3", "D4", "D5", "D6", "D7", "D8", "D9", "D10", "D11", "D12", "D13", "D14", "D15",
    "E1", "E2", "E3", "E4", "E5", "E6", "E7", "E8", "E9", "E10", "E11", "E12", "E13", "E14", "E15",
    "F1", "F2", "F3", "F4", "F5", "F6", "F7", "F8", "F9", "F10", "F11", "F12", "F13", "F14", "F15"
  ],
  "unavailableSeats": ["A6", "A7", "C6", "C7", "C8"],
      "fromTime": "03:00 PM",
      "toTime": "07:00 AM",
      "duration": "12h"
    },
    {
      "id": "FL015",
      "from": "Detroit",
      "to": "Delhi",
      "departureDate": "20-02-2025",
      "price": 800,
      "airline": "Air India",
      "totalSeats": 200,
        "availableSeats": [
    "A1", "A2", "A3", "A4", "A5", "A8", "A9", "A10", "A11", "A12", "A13", "A14", "A15",
    "B1", "B2", "B3", "B4", "B5", "B6", "B7", "B8", "B9", "B10", "B11", "B12", "B13", "B14", "B15",
    "C1", "C2", "C3", "C4", "C5", "C9", "C10", "C11", "C12", "C13", "C14", "C15",
    "D1", "D2", "D3", "D4", "D5", "D6", "D7", "D8", "D9", "D10", "D11", "D12", "D13", "D14", "D15",
    "E1", "E2", "E3", "E4", "E5", "E6", "E7", "E8", "E9", "E10", "E11", "E12", "E13", "E14", "E15",
    "F1", "F2", "F3", "F4", "F5", "F6", "F7", "F8", "F9", "F10", "F11", "F12", "F13", "F14", "F15"
  ],
  "unavailableSeats": ["A6", "A7", "C6", "C7", "C8"],
      "fromTime": "05:00 PM",
      "toTime": "05:00 AM",
      "duration": "14h"
    },
    {
      "id": "FL016",
      "from": "Charlotte",
      "to": "Singapore",
      "departureDate": "23-02-2025",
      "price": 1200,
      "airline": "Singapore Airlines",
      "totalSeats": 200,
        "availableSeats": [
    "A1", "A2", "A3", "A4", "A5", "A8", "A9", "A10", "A11", "A12", "A13", "A14", "A15",
    "B1", "B2", "B3", "B4", "B5", "B6", "B7", "B8", "B9", "B10", "B11", "B12", "B13", "B14", "B15",
    "C1", "C2", "C3", "C4", "C5", "C9", "C10", "C11", "C12", "C13", "C14", "C15",
    "D1", "D2", "D3", "D4", "D5", "D6", "D7", "D8", "D9", "D10", "D11", "D12", "D13", "D14", "D15",
    "E1", "E2", "E3", "E4", "E5", "E6", "E7", "E8", "E9", "E10", "E11", "E12", "E13", "E14", "E15",
    "F1", "F2", "F3", "F4", "F5", "F6", "F7", "F8", "F9", "F10", "F11", "F12", "F13", "F14", "F15"
  ],
  "unavailableSeats": ["A6", "A7", "C6", "C7", "C8"],
      "fromTime": "09:00 AM",
      "toTime": "09:00 PM",
      "duration": "12h"
    },
    {
      "id": "FL017",
      "from": "San Diego",
      "to": "Bangkok",
      "departureDate": "26-02-2025",
      "price": 900,
      "airline": "Thai Airways",
      "totalSeats": 200,
        "availableSeats": [
    "A1", "A2", "A3", "A4", "A5", "A8", "A9", "A10", "A11", "A12", "A13", "A14", "A15",
    "B1", "B2", "B3", "B4", "B5", "B6", "B7", "B8", "B9", "B10", "B11", "B12", "B13", "B14", "B15",
    "C1", "C2", "C3", "C4", "C5", "C9", "C10", "C11", "C12", "C13", "C14", "C15",
    "D1", "D2", "D3", "D4", "D5", "D6", "D7", "D8", "D9", "D10", "D11", "D12", "D13", "D14", "D15",
    "E1", "E2", "E3", "E4", "E5", "E6", "E7", "E8", "E9", "E10", "E11", "E12", "E13", "E14", "E15",
    "F1", "F2", "F3", "F4", "F5", "F6", "F7", "F8", "F9", "F10", "F11", "F12", "F13", "F14", "F15"
  ],
  "unavailableSeats": ["A6", "A7", "C6", "C7", "C8"],
      "fromTime": "11:00 AM",
      "toTime": "11:00 PM",
      "duration": "12h"
    },
    {
      "id": "FL018",
      "from": "Philadelphia",
      "to": "Vienna",
      "departureDate": "01-03-2025",
      "price": 400,
      "airline": "Austrian Airlines",
      "totalSeats": 200,
        "availableSeats": [
    "A1", "A2", "A3", "A4", "A5", "A8", "A9", "A10", "A11", "A12", "A13", "A14", "A15",
    "B1", "B2", "B3", "B4", "B5", "B6", "B7", "B8", "B9", "B10", "B11", "B12", "B13", "B14", "B15",
    "C1", "C2", "C3", "C4", "C5", "C9", "C10", "C11", "C12", "C13", "C14", "C15",
    "D1", "D2", "D3", "D4", "D5", "D6", "D7", "D8", "D9", "D10", "D11", "D12", "D13", "D14", "D15",
    "E1", "E2", "E3", "E4", "E5", "E6", "E7", "E8", "E9", "E10", "E11", "E12", "E13", "E14", "E15",
    "F1", "F2", "F3", "F4", "F5", "F6", "F7", "F8", "F9", "F10", "F11", "F12", "F13", "F14", "F15"
  ],
  "unavailableSeats": ["A6", "A7", "C6", "C7", "C8"],
      "fromTime": "07:00 AM",
      "toTime": "03:00 PM",
      "duration": "8h"
    },
    {
      "id": "FL019",
      "from": "Austin",
      "to": "Dubai",
      "departureDate": "04-03-2025",
      "price": 700,
      "airline": "Emirates",
      "totalSeats": 200,
        "availableSeats": [
    "A1", "A2", "A3", "A4", "A5", "A8", "A9", "A10", "A11", "A12", "A13", "A14", "A15",
    "B1", "B2", "B3", "B4", "B5", "B6", "B7", "B8", "B9", "B10", "B11", "B12", "B13", "B14", "B15",
    "C1", "C2", "C3", "C4", "C5", "C9", "C10", "C11", "C12", "C13", "C14", "C15",
    "D1", "D2", "D3", "D4", "D5", "D6", "D7", "D8", "D9", "D10", "D11", "D12", "D13", "D14", "D15",
    "E1", "E2", "E3", "E4", "E5", "E6", "E7", "E8", "E9", "E10", "E11", "E12", "E13", "E14", "E15",
    "F1", "F2", "F3", "F4", "F5", "F6", "F7", "F8", "F9", "F10", "F11", "F12", "F13", "F14", "F15"
  ],
  "unavailableSeats": ["A6", "A7", "C6", "C7", "C8"],
      "fromTime": "10:00 PM",
      "toTime": "08:00 AM",
      "duration": "10h"
    },
    {
      "id": "FL020",
      "from": "Salt Lake City",
      "to": "Zurich",
      "departureDate": "07-03-2025",
      "price": 500,
      "airline": "Swiss Air",
      "totalSeats": 200,
        "availableSeats": [
    "A1", "A2", "A3", "A4", "A5", "A8", "A9", "A10", "A11", "A12", "A13", "A14", "A15",
    "B1", "B2", "B3", "B4", "B5", "B6", "B7", "B8", "B9", "B10", "B11", "B12", "B13", "B14", "B15",
    "C1", "C2", "C3", "C4", "C5", "C9", "C10", "C11", "C12", "C13", "C14", "C15",
    "D1", "D2", "D3", "D4", "D5", "D6", "D7", "D8", "D9", "D10", "D11", "D12", "D13", "D14", "D15",
    "E1", "E2", "E3", "E4", "E5", "E6", "E7", "E8", "E9", "E10", "E11", "E12", "E13", "E14", "E15",
    "F1", "F2", "F3", "F4", "F5", "F6", "F7", "F8", "F9", "F10", "F11", "F12", "F13", "F14", "F15"
  ],
  "unavailableSeats": ["A6", "A7", "C6", "C7", "C8"],
      "fromTime": "06:00 AM",
      "toTime": "06:00 PM",
      "duration": "12h"
    }
  ]
}