{
  "flights": [
    {
      "id": "FL001",
      "from": "New York",
      "to": "London",
      "departureDate": "09-01-2025",
      "price": 500,
      "airline": "Indigo",
      "totalSeats": 200,
      "availableSeats": "string[]",
      "unavailableSeats": "string[]",
      "fromTime": "08:00 AM",
      "toTime": "08:00 PM",
      "duration": "12h"
    },
    {
      "id": "FL002",
      "from": "Los Angeles",
      "to": "Tokyo",
      "departureDate": "12-01-2025",
      "price": 600,
      "airline": "Air India",
      "totalSeats": 200,
      "availableSeats": "string[]",
      "unavailableSeats": "string[]",
      "fromTime": "10:00 AM",
      "toTime": "02:00 PM",
      "duration": "14h"
    },
    {
      "id": "FL003",
      "from": "Chicago",
      "to": "Paris",
      "departureDate": "15-01-2025",
      "price": 450,
      "airline": "Jet Airways",
      "totalSeats": 200,
      "availableSeats": "string[]",
      "unavailableSeats": "string[]",
      "fromTime": "09:00 AM",
      "toTime": "11:00 PM",
      "duration": "8h"
    },
    {
      "id": "FL004",
      "from": "Houston",
      "to": "Dubai",
      "departureDate": "18-01-2025",
      "price": 700,
      "airline": "Emirates",
      "totalSeats": 200,
      "availableSeats": "string[]",
      "unavailableSeats": "string[]",
      "fromTime": "07:00 AM",
      "toTime": "11:00 PM",
      "duration": "14h"
    },
    {
      "id": "FL005",
      "from": "San Francisco",
      "to": "Sydney",
      "departureDate": "21-01-2025",
      "price": 1200,
      "airline": "Qatar Airways",
      "totalSeats": 200,
      "availableSeats": "string[]",
      "unavailableSeats": "string[]",
      "fromTime": "11:00 PM",
      "toTime": "09:00 AM",
      "duration": "16h"
    },
    {
      "id": "FL006",
      "from": "Miami",
      "to": "Toronto",
      "departureDate": "24-01-2025",
      "price": 300,
      "airline": "Singapore Airlines",
      "totalSeats": 200,
      "availableSeats": "string[]",
      "unavailableSeats": "string[]",
      "fromTime": "03:00 PM",
      "toTime": "06:00 PM",
      "duration": "3h"
    },
    {
      "id": "FL007",
      "from": "Boston",
      "to": "Amsterdam",
      "departureDate": "27-01-2025",
      "price": 400,
      "airline": "Indigo",
      "totalSeats": 200,
      "availableSeats": "string[]",
      "unavailableSeats": "string[]",
      "fromTime": "05:00 AM",
      "toTime": "01:00 PM",
      "duration": "8h"
    },
    {
      "id": "FL008",
      "from": "Seattle",
      "to": "Beijing",
      "departureDate": "30-01-2025",
      "price": 800,
      "airline": "Air India",
      "totalSeats": 200,
      "availableSeats": "string[]",
      "unavailableSeats": "string[]",
      "fromTime": "06:00 PM",
      "toTime": "10:00 AM",
      "duration": "12h"
    },
    {
      "id": "FL009",
      "from": "Las Vegas",
      "to": "Rome",
      "departureDate": "02-02-2025",
      "price": 650,
      "airline": "Jet Airways",
      "totalSeats": 200,
      "availableSeats": "string[]",
      "unavailableSeats": "string[]",
      "fromTime": "01:00 PM",
      "toTime": "09:00 AM",
      "duration": "14h"
    },
    {
      "id": "FL010",
      "from": "Denver",
      "to": "Berlin",
      "departureDate": "05-02-2025",
      "price": 550,
      "airline": "Emirates",
      "totalSeats": 200,
      "availableSeats": "string[]",
      "unavailableSeats": "string[]",
      "fromTime": "07:00 PM",
      "toTime": "11:00 AM",
      "duration": "10h"
    },
    {
      "id": "FL011",
      "from": "Orlando",
      "to": "Frankfurt",
      "departureDate": "08-02-2025",
      "price": 600,
      "airline": "Lufthansa",
      "totalSeats": 200,
      "availableSeats": "string[]",
      "unavailableSeats": "string[]",
      "fromTime": "09:00 AM",
      "toTime": "09:00 PM",
      "duration": "10h"
    },
    {
      "id": "FL012",
      "from": "Phoenix",
      "to": "Madrid",
      "departureDate": "11-02-2025",
      "price": 500,
      "airline": "American Airlines",
      "totalSeats": 200,
      "availableSeats": "string[]",
      "unavailableSeats": "string[]",
      "fromTime": "10:00 AM",
      "toTime": "06:00 PM",
      "duration": "8h"
    },
    {
      "id": "FL013",
      "from": "Dallas",
      "to": "Seoul",
      "departureDate": "14-02-2025",
      "price": 700,
      "airline": "Korean Air",
      "totalSeats": 200,
      "availableSeats": "string[]",
      "unavailableSeats": "string[]",
      "fromTime": "01:00 PM",
      "toTime": "09:00 AM",
      "duration": "14h"
    },
    {
      "id": "FL014",
      "from": "Atlanta",
      "to": "Istanbul",
      "departureDate": "17-02-2025",
      "price": 550,
      "airline": "Turkish Airlines",
      "totalSeats": 200,
      "availableSeats": "string[]",
      "unavailableSeats": "string[]",
      "fromTime": "03:00 PM",
      "toTime": "07:00 AM",
      "duration": "12h"
    },
    {
      "id": "FL015",
      "from": "Detroit",
      "to": "Delhi",
      "departureDate": "20-02-2025",
      "price": 800,
      "airline": "Air India",
      "totalSeats": 200,
      "availableSeats": "string[]",
      "unavailableSeats": "string[]",
      "fromTime": "05:00 PM",
      "toTime": "05:00 AM",
      "duration": "14h"
    },
    {
      "id": "FL016",
      "from": "Charlotte",
      "to": "Singapore",
      "departureDate": "23-02-2025",
      "price": 1200,
      "airline": "Singapore Airlines",
      "totalSeats": 200,
      "availableSeats": "string[]",
      "unavailableSeats": "string[]",
      "fromTime": "09:00 AM",
      "toTime": "09:00 PM",
      "duration": "12h"
    },
    {
      "id": "FL017",
      "from": "San Diego",
      "to": "Bangkok",
      "departureDate": "26-02-2025",
      "price": 900,
      "airline": "Thai Airways",
      "totalSeats": 200,
      "availableSeats": "string[]",
      "unavailableSeats": "string[]",
      "fromTime": "11:00 AM",
      "toTime": "11:00 PM",
      "duration": "12h"
    },
    {
      "id": "FL018",
      "from": "Philadelphia",
      "to": "Vienna",
      "departureDate": "01-03-2025",
      "price": 400,
      "airline": "Austrian Airlines",
      "totalSeats": 200,
      "availableSeats": "string[]",
      "unavailableSeats": "string[]",
      "fromTime": "07:00 AM",
      "toTime": "03:00 PM",
      "duration": "8h"
    },
    {
      "id": "FL019",
      "from": "Austin",
      "to": "Dubai",
      "departureDate": "04-03-2025",
      "price": 700,
      "airline": "Emirates",
      "totalSeats": 200,
      "availableSeats": "string[]",
      "unavailableSeats": "string[]",
      "fromTime": "10:00 PM",
      "toTime": "08:00 AM",
      "duration": "10h"
    },
    {
      "id": "FL020",
      "from": "Salt Lake City",
      "to": "Zurich",
      "departureDate": "07-03-2025",
      "price": 500,
      "airline": "Swiss Air",
      "totalSeats": 200,
      "availableSeats": "string[]",
      "unavailableSeats": "string[]",
      "fromTime": "06:00 AM",
      "toTime": "06:00 PM",
      "duration": "12h"
    }
  ]
}